{
  "intercept": -56846892.32680464,
  "numeric": {
    "year": 28563.548798061616,
    "kms_driven": -0.3744841014508224
  },
  "categorical": {
    "name": {
      "Audi A3 Cabriolet": 344977.6421482906,
      "Audi A4 1.8": -9567.524063824721,
      "Audi A4 2.0": 254351.3661947544,
      "Audi A6 2.0": 103140.02560502455,
      "Audi A8": 4691.983580919318,
      "Audi Q3 2.0": 0.0,
      "Audi Q5 2.0": 221196.58146983787,
      "Audi Q7": -78117.22475425713,
      "BMW 3 Series": 63556.02190476071,
      "BMW 5 Series": 112383.59984103718,
      "BMW 7 Series": 0.0,
      "BMW X1": 49080.9770092035,
      "BMW X1 sDrive20d": 49341.61892477343,
      "BMW X1 xDrive20d": 76588.74422933046,
      "Chevrolet Beat": -29281.11259154582,
      "Chevrolet Beat Diesel": -80496.62877538915,
      "Chevrolet Beat LS": -109311.72038134251,
      "Chevrolet Beat LT": -138502.00637563856,
      "Chevrolet Beat PS": -20832.466194117318,
      "Chevrolet Cruze LTZ": -363.8195025991252,
      "Chevrolet Enjoy": 10072.863142729799,
      "Chevrolet Enjoy 1.4": -21568.719324212525,
      "Chevrolet Sail 1.2": 2914.9505862727387,
      "Chevrolet Sail UVA": -7977.893139087809,
      "Chevrolet Spark": 0.0,
      "Chevrolet Spark 1.0": -19891.42442592405,
      "Chevrolet Spark LS": 0.0,
      "Chevrolet Spark LT": -21883.509564383738,
      "Chevrolet Tavera LS": -3155.609684224165,
      "Chevrolet Tavera Neo": 40668.82024259239,
      "Datsun GO T": 0.0,
      "Datsun Go Plus": -35919.28489094664,
      "Datsun Redi GO": -191540.9996472437,
      "Fiat Linea Emotion": -30650.851979517363,
      "Fiat Petra ELX": -64020.46817787288,
      "Fiat Punto Emotion": -57367.96989693952,
      "Force Motors Force": -15629.516926227421,
      "Force Motors One": 2440.783658228518,
      "Ford EcoSport": -7634.620594590885,
      "Ford EcoSport Ambiente": 64862.78119755131,
      "Ford EcoSport Titanium": -1781.2088662485178,
      "Ford EcoSport Trend": 29980.045846878973,
      "Ford Endeavor 4x4": 0.0,
      "Ford Fiesta": -28403.697489689483,
      "Ford Fiesta SXi": -4822.43678537183,
      "Ford Figo": -95599.78478517628,
      "Ford Figo Diesel": -95447.46675964133,
      "Ford Figo Duratorq": -32226.018382640923,
      "Ford Figo Petrol": -33256.48471530657,
      "Ford Fusion 1.4": -31332.119834600962,
      "Ford Ikon 1.3": -25715.967307146573,
      "Ford Ikon 1.6": -9038.352004483726,
      "Hindustan Motors Ambassador": 58128.725378738076,
      "Honda Accord": 0.0,
      "Honda Amaze": -157566.5799421269,
      "Honda Amaze 1.2": -18719.387091323664,
      "Honda Amaze 1.5": -60440.59622543239,
      "Honda Brio": -20659.08695614564,
      "Honda Brio V": -18777.2891731884,
      "Honda Brio VX": -9141.371183225778,
      "Honda City": 65349.3788047992,
      "Honda City 1.5": 18620.028166101263,
      "Honda City SV": 29585.91124595892,
      "Honda City VX": 68404.32791896706,
      "Honda City ZX": -89578.81893793742,
      "Honda Jazz S": -16684.911547367043,
      "Honda Jazz VX": -1676.9525778082425,
      "Honda Mobilio": -457.5018383320644,
      "Honda Mobilio S": 0.0,
      "Honda WR V": -473.93819208187205,
      "Hyundai Accent": -23481.52994472477,
      "Hyundai Accent Executive": -8548.143366194783,
      "Hyundai Accent GLE": -6462.717562028119,
      "Hyundai Accent GLX": -7934.736252455118,
      "Hyundai Creta": 59065.81606050939,
      "Hyundai Creta 1.6": 241148.76127184418,
      "Hyundai Elantra 1.8": 32759.187406566336,
      "Hyundai Elantra SX": 39502.928642510014,
      "Hyundai Elite i20": 67392.82821257946,
      "Hyundai Eon": -96882.65841998863,
      "Hyundai Eon D": -119874.24072713539,
      "Hyundai Eon Era": -107687.56210423748,
      "Hyundai Eon Magna": -25528.455391505624,
      "Hyundai Eon Sportz": 0.0,
      "Hyundai Fluidic Verna": 511.9988280014251,
      "Hyundai Getz": 1607.9021114711688,
      "Hyundai Getz GLE": -9437.992098893323,
      "Hyundai Getz Prime": -36670.382446477175,
      "Hyundai Grand i10": -49678.21311025384,
      "Hyundai Santro": 22998.953083433636,
      "Hyundai Santro AE": -13354.52207133323,
      "Hyundai Santro Xing": -49337.80382278686,
      "Hyundai Sonata Transform": -59520.253239223566,
      "Hyundai Verna": 0.0,
      "Hyundai Verna 1.4": 1324.616697646726,
      "Hyundai Verna 1.6": 59737.109474978286,
      "Hyundai Verna Fluidic": -18061.65384706532,
      "Hyundai Verna Transform": -5250.3154257820515,
      "Hyundai Verna VGT": 0.0,
      "Hyundai Xcent Base": 0.0,
      "Hyundai Xcent SX": -17004.02486949236,
      "Hyundai i10": -12249.319120801447,
      "Hyundai i10 Era": -17601.52914776734,
      "Hyundai i10 Magna": -9749.65997231561,
      "Hyundai i10 Sportz": -31900.268123600465,
      "Hyundai i20": 6738.0638285105,
      "Hyundai i20 Active": 14769.36432919041,
      "Hyundai i20 Asta": -27933.252516622742,
      "Hyundai i20 Magna": -24852.215061720843,
      "Hyundai i20 Select": 1528.4021612508232,
      "Hyundai i20 Sportz": -75053.29970593625,
      "Jaguar XE XE": 0.0,
      "Jaguar XF 2.2": 238433.91691790914,
      "Jeep Wrangler Unlimited": 40780.87706894461,
      "Land Rover Freelander": 216552.61155142327,
      "Mahindra Bolero DI": -175164.1588868944,
      "Mahindra Bolero Power": 0.0,
      "Mahindra Bolero SLE": -27551.832220172622,
      "Mahindra Jeep CL550": -71649.91319207747,
      "Mahindra Jeep MM": -65724.88922984745,
      "Mahindra KUV100": -19766.36756411083,
      "Mahindra KUV100 K8": -7022.830270859904,
      "Mahindra Logan": -43027.85163136731,
      "Mahindra Logan Diesel": 0.0,
      "Mahindra Quanto C4": 0.0,
      "Mahindra Quanto C8": -127904.92256976748,
      "Mahindra Scorpio": 66597.63657865333,
      "Mahindra Scorpio 2.6": -35314.652819929644,
      "Mahindra Scorpio LX": -9990.428593426239,
      "Mahindra Scorpio S10": 26726.76130845913,
      "Mahindra Scorpio S4": 140471.768327774,
      "Mahindra Scorpio SLE": -27871.844642011896,
      "Mahindra Scorpio SLX": -31182.744587047076,
      "Mahindra Scorpio VLX": 45448.69837973412,
      "Mahindra Scorpio Vlx": 28594.927340133,
      "Mahindra Scorpio W": 0.0,
      "Mahindra TUV300 T4": -18152.189089167805,
      "Mahindra TUV300 T8": 0.0,
      "Mahindra Thar CRDe": 17005.20608705329,
      "Mahindra XUV500": 92557.99284632868,
      "Mahindra XUV500 W10": 70977.27848555327,
      "Mahindra XUV500 W6": 7766.211455740227,
      "Mahindra XUV500 W8": 104008.20135603515,
      "Mahindra Xylo D2": -37234.06732117605,
      "Mahindra Xylo E4": -16767.33191660609,
      "Mahindra Xylo E8": -41400.556421503185,
      "Maruti Suzuki 800": 11209.409049233862,
      "Maruti Suzuki A": -14133.618155057293,
      "Maruti Suzuki Alto": -149437.50767878885,
      "Maruti Suzuki Baleno": 52158.932453663205,
      "Maruti Suzuki Celerio": -23398.668713993382,
      "Maruti Suzuki Ciaz": 112767.01002288467,
      "Maruti Suzuki Dzire": -9009.756330826604,
      "Maruti Suzuki Eeco": -55856.45346263251,
      "Maruti Suzuki Ertiga": 194361.64191360257,
      "Maruti Suzuki Esteem": -24285.461401359844,
      "Maruti Suzuki Estilo": -23889.99030274436,
      "Maruti Suzuki Maruti": 48485.1889740914,
      "Maruti Suzuki Omni": -86627.59279289495,
      "Maruti Suzuki Ritz": -76744.03989415478,
      "Maruti Suzuki S": 0.0,
      "Maruti Suzuki SX4": -15988.693217158285,
      "Maruti Suzuki Stingray": -10151.525861824462,
      "Maruti Suzuki Swift": -99582.8814488437,
      "Maruti Suzuki Versa": 11863.79958708481,
      "Maruti Suzuki Vitara": -4382.534808547854,
      "Maruti Suzuki Wagon": -114597.45974865524,
      "Maruti Suzuki Zen": 1523.2703772272994,
      "Mercedes Benz A": 0.0,
      "Mercedes Benz B": 116562.09761937469,
      "Mercedes Benz C": 102581.4636453231,
      "Mercedes Benz GLA": 186919.54454517,
      "Mini Cooper S": 709398.2420437547,
      "Mitsubishi Lancer 1.8": -57889.88087960966,
      "Mitsubishi Pajero Sport": 465110.6910162399,